tienda_id,fecha,hora,tickets,monto_mxn
T051,2026-09-20,0,0,0.0
T051,2026-09-20,1,0,0.0
T051,2026-09-20,2,0,0.0
T051,2026-09-20,3,0,0.0
T051,2026-09-20,4,0,0.0
T051,2026-09-20,5,0,0.0
T051,2026-09-20,6,1,213.66
T051,2026-09-20,7,3,649.98
T051,2026-09-20,8,11,2581.02
T051,2026-09-20,9,34,7817.09
T051,2026-09-20,10,81,18519.24
T051,2026-09-20,11,144,31613.48
T051,2026-09-20,12,222,50788.62
T051,2026-09-20,13,236,50797.88
T051,2026-09-20,14,245,53781.13
T051,2026-09-20,15,324,75552.28
T051,2026-09-20,16,309,71726.25
T051,2026-09-20,17,313,66194.12
T051,2026-09-20,18,267,56841.15
T051,2026-09-20,19,200,44722.1
T051,2026-09-20,20,246,59432.73
T051,2026-09-20,21,0,0.0
T051,2026-09-20,22,0,0.0
T051,2026-09-20,23,0,0.0
T051,2026-09-21,0,0,0.0
T051,2026-09-21,1,0,0.0
T051,2026-09-21,2,0,0.0
T051,2026-09-21,3,0,0.0
T051,2026-09-21,4,0,0.0
T051,2026-09-21,5,0,0.0
T051,2026-09-21,6,0,0.0
T051,2026-09-21,7,2,462.15
T051,2026-09-21,8,10,2307.74
T051,2026-09-21,9,24,5562.67
T051,2026-09-21,10,44,9031.82
T051,2026-09-21,11,81,18283.78
T051,2026-09-21,12,132,30349.26
T051,2026-09-21,13,153,32273.01
T051,2026-09-21,14,221,49173.33
T051,2026-09-21,15,241,53287.23
T051,2026-09-21,16,189,45905.57
T051,2026-09-21,17,185,45103.42
T051,2026-09-21,18,206,42002.15
T051,2026-09-21,19,166,41522.31
T051,2026-09-21,20,145,30772.53
T051,2026-09-21,21,0,0.0
T051,2026-09-21,22,0,0.0
T051,2026-09-21,23,0,0.0
T051,2026-09-22,0,0,0.0
T051,2026-09-22,1,0,0.0
T051,2026-09-22,2,0,0.0
T051,2026-09-22,3,0,0.0
T051,2026-09-22,4,0,0.0
T051,2026-09-22,5,0,0.0
T051,2026-09-22,6,0,0.0
T051,2026-09-22,7,2,469.18
T051,2026-09-22,8,8,1830.85
T051,2026-09-22,9,23,5302.41
T051,2026-09-22,10,44,9460.5
T051,2026-09-22,11,108,22764.06
T051,2026-09-22,12,117,25282.37
T051,2026-09-22,13,184,39651.66
T051,2026-09-22,14,199,45997.72
T051,2026-09-22,15,190,44318.4
T051,2026-09-22,16,196,43252.63
T051,2026-09-22,17,181,43134.77
T051,2026-09-22,18,178,42296.22
T051,2026-09-22,19,156,35116.9
T051,2026-09-22,20,130,27724.09
T051,2026-09-22,21,0,0.0
T051,2026-09-22,22,0,0.0
T051,2026-09-22,23,0,0.0
T051,2026-09-23,0,0,0.0
T051,2026-09-23,1,0,0.0
T051,2026-09-23,2,0,0.0
T051,2026-09-23,3,0,0.0
T051,2026-09-23,4,0,0.0
T051,2026-09-23,5,0,0.0
T051,2026-09-23,6,0,0.0
T051,2026-09-23,7,3,625.26
T051,2026-09-23,8,8,1824.6
T051,2026-09-23,9,24,5745.79
T051,2026-09-23,10,43,9594.16
T051,2026-09-23,11,98,22418.98
T051,2026-09-23,12,123,24833.86
T051,2026-09-23,13,192,41254.61
T051,2026-09-23,14,205,43144.92
T051,2026-09-23,15,206,41473.7
T051,2026-09-23,16,209,46753.84
T051,2026-09-23,17,176,34753.19
T051,2026-09-23,18,142,29493.23
T051,2026-09-23,19,190,41121.34
T051,2026-09-23,20,130,27710.51
T051,2026-09-23,21,0,0.0
T051,2026-09-23,22,0,0.0
T051,2026-09-23,23,0,0.0
T051,2026-09-24,0,0,0.0
T051,2026-09-24,1,0,0.0
T051,2026-09-24,2,0,0.0
T051,2026-09-24,3,0,0.0
T051,2026-09-24,4,0,0.0
T051,2026-09-24,5,0,0.0
T051,2026-09-24,6,0,0.0
T051,2026-09-24,7,2,437.41
T051,2026-09-24,8,8,1706.48
T051,2026-09-24,9,21,4768.89
T051,2026-09-24,10,37,8190.18
T051,2026-09-24,11,77,16557.09
T051,2026-09-24,12,111,23869.16
T051,2026-09-24,13,147,30714.47
T051,2026-09-24,14,188,43857.87
T051,2026-09-24,15,221,49343.99
T051,2026-09-24,16,195,41497.43
T051,2026-09-24,17,192,44427.43
T051,2026-09-24,18,166,35884.14
T051,2026-09-24,19,163,33702.1
T051,2026-09-24,20,127,29687.24
T051,2026-09-24,21,0,0.0
T051,2026-09-24,22,0,0.0
T051,2026-09-24,23,0,0.0
T051,2026-09-25,0,0,0.0
T051,2026-09-25,1,0,0.0
T051,2026-09-25,2,0,0.0
T051,2026-09-25,3,0,0.0
T051,2026-09-25,4,0,0.0
T051,2026-09-25,5,0,0.0
T051,2026-09-25,6,0,0.0
T051,2026-09-25,7,2,395.1
T051,2026-09-25,8,8,1811.01
T051,2026-09-25,9,26,6344.67
T051,2026-09-25,10,55,13195.94
T051,2026-09-25,11,88,21363.06
T051,2026-09-25,12,121,25538.49
T051,2026-09-25,13,152,35346.83
T051,2026-09-25,14,180,38587.16
T051,2026-09-25,15,164,36882.92
T051,2026-09-25,16,179,37276.1
T051,2026-09-25,17,166,35729.06
T051,2026-09-25,18,174,37389.43
T051,2026-09-25,19,203,47175.93
T051,2026-09-25,20,171,39553.29
T051,2026-09-25,21,0,0.0
T051,2026-09-25,22,0,0.0
T051,2026-09-25,23,0,0.0
T051,2026-09-26,0,0,0.0
T051,2026-09-26,1,0,0.0
T051,2026-09-26,2,0,0.0
T051,2026-09-26,3,0,0.0
T051,2026-09-26,4,0,0.0
T051,2026-09-26,5,0,0.0
T051,2026-09-26,6,0,0.0
T051,2026-09-26,7,3,714.63
T051,2026-09-26,8,14,3051.16
T051,2026-09-26,9,31,6635.66
T051,2026-09-26,10,64,15402.77
T051,2026-09-26,11,140,33105.86
T051,2026-09-26,12,190,42307.98
T051,2026-09-26,13,208,45580.93
T051,2026-09-26,14,320,70698.48
T051,2026-09-26,15,286,64329.35
T051,2026-09-26,16,288,69175.99
T051,2026-09-26,17,303,68811.18
T051,2026-09-26,18,308,70986.37
T051,2026-09-26,19,268,63088.3
T051,2026-09-26,20,249,52139.31
T051,2026-09-26,21,0,0.0
T051,2026-09-26,22,0,0.0
T051,2026-09-26,23,0,0.0
T051,2026-09-27,0,0,0.0
T051,2026-09-27,1,0,0.0
T051,2026-09-27,2,0,0.0
T051,2026-09-27,3,0,0.0
T051,2026-09-27,4,0,0.0
T051,2026-09-27,5,0,0.0
T051,2026-09-27,6,1,213.66
T051,2026-09-27,7,4,866.64
T051,2026-09-27,8,12,2815.66
T051,2026-09-27,9,29,6667.52
T051,2026-09-27,10,87,19891.04
T051,2026-09-27,11,137,30076.72
T051,2026-09-27,12,209,47814.51
T051,2026-09-27,13,224,48214.94
T051,2026-09-27,14,232,50927.43
T051,2026-09-27,15,338,78816.88
T051,2026-09-27,16,297,68940.76
T051,2026-09-27,17,288,60907.05
T051,2026-09-27,18,272,57905.59
T051,2026-09-27,19,232,51877.64
T051,2026-09-27,20,235,56775.17
T051,2026-09-27,21,0,0.0
T051,2026-09-27,22,0,0.0
T051,2026-09-27,23,0,0.0
T051,2026-09-28,0,0,0.0
T051,2026-09-28,1,0,0.0
T051,2026-09-28,2,0,0.0
T051,2026-09-28,3,0,0.0
T051,2026-09-28,4,0,0.0
T051,2026-09-28,5,0,0.0
T051,2026-09-28,6,0,0.0
T051,2026-09-28,7,2,462.15
T051,2026-09-28,8,10,2307.74
T051,2026-09-28,9,27,6258.0
T051,2026-09-28,10,45,9237.09
T051,2026-09-28,11,83,18735.24
T051,2026-09-28,12,123,28280.0
T051,2026-09-28,13,159,33538.61
T051,2026-09-28,14,211,46948.29
T051,2026-09-28,15,200,44221.77
T051,2026-09-28,16,195,47362.89
T051,2026-09-28,17,176,42909.2
T051,2026-09-28,18,197,40167.11
T051,2026-09-28,19,159,39771.37
T051,2026-09-28,20,130,27589.16
T051,2026-09-28,21,0,0.0
T051,2026-09-28,22,0,0.0
T051,2026-09-28,23,0,0.0
T051,2026-09-29,0,0,0.0
T051,2026-09-29,1,0,0.0
T051,2026-09-29,2,0,0.0
T051,2026-09-29,3,0,0.0
T051,2026-09-29,4,0,0.0
T051,2026-09-29,5,0,0.0
T051,2026-09-29,6,0,0.0
T051,2026-09-29,7,3,703.77
T051,2026-09-29,8,8,1830.85
T051,2026-09-29,9,22,5071.87
T051,2026-09-29,10,43,9245.49
T051,2026-09-29,11,112,23607.17
T051,2026-09-29,12,133,28739.79
T051,2026-09-29,13,159,34264.2
T051,2026-09-29,14,206,47615.73
T051,2026-09-29,15,197,45951.19
T051,2026-09-29,16,210,46342.1
T051,2026-09-29,17,184,43849.72
T051,2026-09-29,18,188,44672.41
T051,2026-09-29,19,155,34891.79
T051,2026-09-29,20,141,30069.97
T051,2026-09-29,21,0,0.0
T051,2026-09-29,22,0,0.0
T051,2026-09-29,23,0,0.0
T051,2026-09-30,0,0,0.0
T051,2026-09-30,1,0,0.0
T051,2026-09-30,2,0,0.0
T051,2026-09-30,3,0,0.0
T051,2026-09-30,4,0,0.0
T051,2026-09-30,5,0,0.0
T051,2026-09-30,6,0,0.0
T051,2026-09-30,7,5,1042.1
T051,2026-09-30,8,10,2280.75
T051,2026-09-30,9,30,7182.23
T051,2026-09-30,10,59,13164.08
T051,2026-09-30,11,145,33170.94
T051,2026-09-30,12,168,33919.42
T051,2026-09-30,13,236,50708.79
T051,2026-09-30,14,267,56193.63
T051,2026-09-30,15,290,58385.31
T051,2026-09-30,16,270,60399.69
T051,2026-09-30,17,231,45613.56
T051,2026-09-30,18,163,33854.9
T051,2026-09-30,19,259,56054.88
T051,2026-09-30,20,184,39221.03
T051,2026-09-30,21,0,0.0
T051,2026-09-30,22,0,0.0
T051,2026-09-30,23,0,0.0
T051,2026-10-01,0,0,0.0
T051,2026-10-01,1,0,0.0
T051,2026-10-01,2,0,0.0
T051,2026-10-01,3,0,0.0
T051,2026-10-01,4,0,0.0
T051,2026-10-01,5,0,0.0
T051,2026-10-01,6,0,0.0
T051,2026-10-01,7,2,437.41
T051,2026-10-01,8,7,1493.17
T051,2026-10-01,9,21,4768.89
T051,2026-10-01,10,39,8632.89
T051,2026-10-01,11,82,17632.23
T051,2026-10-01,12,112,24084.2
T051,2026-10-01,13,141,29460.82
T051,2026-10-01,14,188,43857.87
T051,2026-10-01,15,213,47557.78
T051,2026-10-01,16,200,42561.46
T051,2026-10-01,17,171,39568.18
T051,2026-10-01,18,176,38045.83
T051,2026-10-01,19,169,34942.66
T051,2026-10-01,20,134,31323.55
T051,2026-10-01,21,0,0.0
T051,2026-10-01,22,0,0.0
T051,2026-10-01,23,0,0.0
T051,2026-10-02,0,0,0.0
T051,2026-10-02,1,0,0.0
T051,2026-10-02,2,0,0.0
T051,2026-10-02,3,0,0.0
T051,2026-10-02,4,0,0.0
T051,2026-10-02,5,0,0.0
T051,2026-10-02,6,0,0.0
T051,2026-10-02,7,3,592.64
T051,2026-10-02,8,9,2037.38
T051,2026-10-02,9,26,6344.67
T051,2026-10-02,10,51,12236.23
T051,2026-10-02,11,85,20634.78
T051,2026-10-02,12,123,25960.61
T051,2026-10-02,13,152,35346.83
T051,2026-10-02,14,189,40516.51
T051,2026-10-02,15,184,41380.84
T051,2026-10-02,16,174,36234.87
T051,2026-10-02,17,178,38311.89
T051,2026-10-02,18,193,41472.19
T051,2026-10-02,19,204,47408.32
T051,2026-10-02,20,148,34233.26
T051,2026-10-02,21,0,0.0
T051,2026-10-02,22,0,0.0
T051,2026-10-02,23,0,0.0
T051,2026-10-03,0,0,0.0
T051,2026-10-03,1,0,0.0
T051,2026-10-03,2,0,0.0
T051,2026-10-03,3,0,0.0
T051,2026-10-03,4,0,0.0
T051,2026-10-03,5,0,0.0
T051,2026-10-03,6,0,0.0
T051,2026-10-03,7,4,952.84
T051,2026-10-03,8,14,3051.16
T051,2026-10-03,9,29,6207.55
T051,2026-10-03,10,64,15402.77
T051,2026-10-03,11,135,31923.51
T051,2026-10-03,12,228,50769.58
T051,2026-10-03,13,182,39883.31
T051,2026-10-03,14,333,73570.61
T051,2026-10-03,15,287,64554.28
T051,2026-10-03,16,291,69896.57
T051,2026-10-03,17,304,69038.28
T051,2026-10-03,18,326,75134.93
T051,2026-10-03,19,288,67796.39
T051,2026-10-03,20,223,46695.05
T051,2026-10-03,21,0,0.0
T051,2026-10-03,22,0,0.0
T051,2026-10-03,23,0,0.0
