timestamp,usuario,rol,alcance_tipo,alcance_valor,tipo_evento,detalle
2026-09-25T03:51:42,Man001,manager,tienda,T001,sesion_iniciada,
2026-09-25T03:51:42,Man001,manager,tienda,T001,pagina_visitada,Horario
2026-09-25T03:52:28,SADMIN,super_admin,red,,sesion_iniciada,
2026-09-25T03:52:28,SADMIN,super_admin,red,,pagina_visitada,Resumen
2026-09-25T03:55:07,SADMIN,super_admin,red,,red_calculada,"49 tiendas, semana 2026-09-20"
2026-09-25T04:07:44,Man001,manager,tienda,T001,sesion_iniciada,
2026-09-25T04:07:44,Man001,manager,tienda,T001,pagina_visitada,Horario
2026-09-25T04:09:56,Man001,manager,tienda,T001,turno_calificado,No recomendado ($-223)
2026-09-25T04:09:56,Man001,manager,tienda,T001,turno_reasignado,"Ana López (E00037) → Descanso, 2026-09-24"
2026-09-25T04:11:13,Man001,manager,tienda,T001,pagina_visitada,Tienda
2026-09-25T04:12:52,Man001,manager,tienda,T001,sesion_cerrada,
2026-09-25T04:13:01,ADMIN-Z1,admin,zona,Z1,sesion_iniciada,
2026-09-25T04:13:01,ADMIN-Z1,admin,zona,Z1,pagina_visitada,Resumen
2026-09-25T04:13:11,ADMIN-Z1,admin,zona,Z1,pagina_visitada,Avisos
2026-09-25T04:13:19,ADMIN-Z1,admin,zona,Z1,pagina_visitada,Historial
2026-09-25T04:13:59,ADMIN-Z1,admin,zona,Z1,pagina_visitada,Horario
2026-09-25T04:14:29,ADMIN-Z1,admin,zona,Z1,pagina_visitada,Tienda
2026-09-25T04:14:33,ADMIN-Z1,admin,zona,Z1,pagina_visitada,Usuarios
2026-09-25T04:14:53,ADMIN-Z1,admin,zona,Z1,sesion_cerrada,
2026-09-25T04:14:56,SADMIN,super_admin,red,,sesion_iniciada,
2026-09-25T04:14:56,SADMIN,super_admin,red,,pagina_visitada,Resumen
2026-09-25T04:15:09,SADMIN,super_admin,red,,pagina_visitada,Reglas legales
2026-09-25T04:15:18,SADMIN,super_admin,red,,pagina_visitada,Datos
2026-09-25T04:27:39,SADMIN,super_admin,red,,pagina_visitada,Reglas legales
2026-09-25T04:27:46,SADMIN,super_admin,red,,pagina_visitada,Usuarios
2026-09-25T04:27:47,SADMIN,super_admin,red,,pagina_visitada,Historial
2026-09-25T04:27:49,SADMIN,super_admin,red,,pagina_visitada,Avisos
2026-09-25T04:27:56,SADMIN,super_admin,red,,pagina_visitada,Tienda
2026-09-25T01:08:54,SADMIN,super_admin,red,,sesion_iniciada,
2026-09-25T01:08:54,SADMIN,super_admin,red,,pagina_visitada,Resumen
2026-09-25T01:09:33,SADMIN,super_admin,red,,pagina_visitada,Horario
2026-09-25T01:39:43,SADMIN,super_admin,red,,sesion_iniciada,
2026-09-25T01:39:43,SADMIN,super_admin,red,,pagina_visitada,Resumen
2026-09-25T01:40:00,SADMIN,super_admin,red,,pagina_visitada,Horario
2026-09-25T01:41:58,SADMIN,super_admin,red,,pagina_visitada,Datos
2026-09-25T01:42:39,SADMIN,super_admin,red,,sesion_iniciada,
2026-09-25T01:42:39,SADMIN,super_admin,red,,pagina_visitada,Resumen
2026-09-25T01:42:53,SADMIN,super_admin,red,,pagina_visitada,Datos
2026-09-25T01:43:55,SADMIN,super_admin,red,,datos_cargados,"Tráfico por hora: 2,016 filas, 1 semana (2,016 reemplazadas); Ventas por hora: 2,016 filas, 1 semana (2,016 reemplazadas)"
2026-09-25T01:44:09,SADMIN,super_admin,red,,pagina_visitada,Horario
2026-09-25T01:47:00,SADMIN,super_admin,red,,pagina_visitada,Datos
2026-09-25T01:47:33,SADMIN,super_admin,red,,datos_restablecidos,2 archivos
2026-09-25T01:47:45,SADMIN,super_admin,red,,pagina_visitada,Horario
2026-09-25T09:32:03,SADMIN,super_admin,red,,sesion_iniciada,
2026-09-25T09:32:04,SADMIN,super_admin,red,,pagina_visitada,Resumen
2026-09-25T09:34:11,SADMIN,super_admin,red,,pagina_visitada,Horario
2026-09-25T09:35:18,SADMIN,super_admin,red,,pagina_visitada,Resumen
2026-09-25T09:35:29,SADMIN,super_admin,red,,pagina_visitada,Horario
2026-09-25T09:40:07,SADMIN,super_admin,red,,sesion_iniciada,
2026-09-25T09:40:07,SADMIN,super_admin,red,,pagina_visitada,Resumen
2026-09-25T09:41:38,SADMIN,super_admin,red,,sesion_iniciada,
2026-09-25T09:41:39,SADMIN,super_admin,red,,pagina_visitada,Resumen
2026-09-25T09:41:41,SADMIN,super_admin,red,,pagina_visitada,Reglas legales
2026-09-25T09:41:50,SADMIN,super_admin,red,,pagina_visitada,Horario
2026-09-25T10:07:20,SADMIN,super_admin,red,,sesion_iniciada,
2026-09-25T10:07:20,SADMIN,super_admin,red,,pagina_visitada,Resumen
2026-09-25T10:07:36,SADMIN,super_admin,red,,pagina_visitada,Horario
2026-09-25T10:16:36,SADMIN,super_admin,red,,pagina_visitada,Datos
2026-09-25T10:16:56,SADMIN,super_admin,red,,datos_cargados,"Tráfico por hora: 2,016 filas, 1 semana (2,016 reemplazadas); Ventas por hora: 2,016 filas, 1 semana (2,016 reemplazadas)"
2026-09-25T10:17:06,SADMIN,super_admin,red,,pagina_visitada,Horario
2026-09-25T10:19:06,SADMIN,super_admin,red,,pagina_visitada,Datos
2026-09-25T10:19:27,SADMIN,super_admin,red,,datos_cargados,"Tiendas: 1 filas (0 reemplazadas); Plantilla: 80 filas (0 reemplazadas); Tráfico por hora: 336 filas, 2 semanas (0 reemplazadas); Ventas por hora: 336 filas, 2 semanas (0 reemplazadas); Ausentismo: 61 filas, 2 semanas (0 reemplazadas)"
2026-09-25T10:19:41,SADMIN,super_admin,red,,pagina_visitada,Horario
2026-09-25T10:25:33,SADMIN,super_admin,red,,sesion_iniciada,
2026-09-25T10:25:33,SADMIN,super_admin,red,,pagina_visitada,Resumen
2026-09-25T10:25:45,SADMIN,super_admin,red,,pagina_visitada,Datos
2026-09-25T10:25:54,SADMIN,super_admin,red,,datos_restablecidos,8 archivos
2026-09-25T14:11:27,Man001,manager,tienda,T001,sesion_iniciada,
2026-09-25T14:11:27,Man001,manager,tienda,T001,pagina_visitada,Horario
2026-09-25T19:54:10,Man001,manager,tienda,T001,sesion_iniciada,
2026-09-25T19:54:10,Man001,manager,tienda,T001,pagina_visitada,Horario
2026-09-28T20:12:25,SADMIN,super_admin,red,,sesion_iniciada,
2026-09-28T20:12:25,SADMIN,super_admin,red,,pagina_visitada,Resumen
2026-09-28T20:12:30,SADMIN,super_admin,red,,pagina_visitada,Horario
2026-09-28T22:15:49,SADMIN,super_admin,red,,sesion_iniciada,
2026-09-28T22:15:50,SADMIN,super_admin,red,,pagina_visitada,Resumen
2026-09-29T10:23:38,SADMIN,super_admin,red,,sesion_iniciada,
2026-09-29T10:23:38,SADMIN,super_admin,red,,pagina_visitada,Resumen
2026-09-29T10:23:57,SADMIN,super_admin,red,,pagina_visitada,Horario
2026-09-29T10:24:01,SADMIN,super_admin,red,,pagina_visitada,Avisos
2026-09-29T10:24:05,SADMIN,super_admin,red,,pagina_visitada,Usuarios
2026-09-29T10:24:13,SADMIN,super_admin,red,,pagina_visitada,Reglas legales
2026-09-29T10:24:16,SADMIN,super_admin,red,,pagina_visitada,Datos
2026-09-29T10:24:39,SADMIN,super_admin,red,,pagina_visitada,Resumen
2026-09-29T10:24:43,SADMIN,super_admin,red,,pagina_visitada,Horario
2026-09-29T10:25:09,SADMIN,super_admin,red,,pagina_visitada,Avisos
2026-09-29T10:25:29,SADMIN,super_admin,red,,pagina_visitada,Reglas legales
2026-09-29T10:29:11,SADMIN,super_admin,red,,pagina_visitada,Horario
2026-09-29T21:37:41,SADMIN,super_admin,red,,sesion_iniciada,
2026-09-29T21:37:41,SADMIN,super_admin,red,,pagina_visitada,Resumen
2026-09-30T11:39:50,SADMIN,super_admin,red,,sesion_iniciada,
2026-09-30T11:39:50,SADMIN,super_admin,red,,pagina_visitada,Resumen
2026-09-30T11:39:59,SADMIN,super_admin,red,,pagina_visitada,Horario
2026-09-30T11:40:02,SADMIN,super_admin,red,,sesion_iniciada,
2026-09-30T11:40:02,SADMIN,super_admin,red,,pagina_visitada,Resumen
2026-09-30T11:40:35,SADMIN,super_admin,red,,pagina_visitada,Resumen
2026-09-30T11:40:36,SADMIN,super_admin,red,,pagina_visitada,Horario
2026-09-30T11:40:38,SADMIN,super_admin,red,,pagina_visitada,Avisos
2026-09-30T11:40:39,SADMIN,super_admin,red,,pagina_visitada,Usuarios
2026-09-30T11:40:55,SADMIN,super_admin,red,,pagina_visitada,Resumen
2026-09-30T12:56:02,SADMIN,super_admin,red,,sesion_iniciada,
2026-09-30T12:56:02,SADMIN,super_admin,red,,pagina_visitada,Resumen
2026-09-30T12:56:35,SADMIN,super_admin,red,,pagina_visitada,Horario
2026-09-30T12:58:12,SADMIN,super_admin,red,,pagina_visitada,Avisos
2026-09-30T12:58:24,SADMIN,super_admin,red,,pagina_visitada,Usuarios
2026-09-30T12:58:27,SADMIN,super_admin,red,,pagina_visitada,Reglas legales
2026-09-30T12:58:33,SADMIN,super_admin,red,,pagina_visitada,Datos
2026-09-30T13:01:21,SADMIN,super_admin,red,,sesion_cerrada,
2026-09-30T13:01:39,Man001,manager,tienda,T001,sesion_iniciada,
2026-09-30T13:01:39,Man001,manager,tienda,T001,pagina_visitada,Horario
2026-09-30T13:02:15,Man001,manager,tienda,T001,turno_calificado,No recomendado (costo −$310)
2026-09-30T13:02:15,Man001,manager,tienda,T001,turno_reasignado,"Patricia Aguilar (E00011) → Descanso, 2026-09-30"
2026-09-30T13:02:31,Man001,manager,tienda,T001,pagina_visitada,Avisos
2026-09-30T13:02:38,Man001,manager,tienda,T001,pagina_visitada,Horario
2026-09-30T13:13:39,Man001,manager,tienda,T001,cambio_deshecho,Patricia Aguilar (E00011) · 2026-09-30
2026-09-30T13:15:10,Man001,manager,tienda,T001,turno_calificado,No recomendado (costo +$0)
2026-09-30T13:15:10,Man001,manager,tienda,T001,turno_reasignado,"Fernanda Sánchez (E00023) → Cierre, 2026-09-30"
2026-09-30T13:15:19,Man001,manager,tienda,T001,cambio_deshecho,Fernanda Sánchez (E00023) · 2026-09-30
2026-09-30T13:15:56,Man001,manager,tienda,T001,turno_calificado,Neutral (costo +$0)
2026-09-30T13:15:56,Man001,manager,tienda,T001,turno_reasignado,"Fernanda Núñez (E00007) → Cierre, 2026-09-30"
2026-09-30T13:16:12,Man001,manager,tienda,T001,turno_calificado,No recomendado (costo −$282)
2026-09-30T13:16:12,Man001,manager,tienda,T001,turno_reasignado,"Jorge Vargas (E00035) → Descanso, 2026-09-30"
2026-09-30T13:16:23,Man001,manager,tienda,T001,cambio_deshecho,Jorge Vargas (E00035) · 2026-09-30
2026-09-30T13:16:23,Man001,manager,tienda,T001,turno_calificado,Neutral (costo +$0)
2026-09-30T13:19:13,Man001,manager,tienda,T001,cambio_deshecho,Fernanda Núñez (E00007) · 2026-09-30
2026-09-30T13:20:49,Man001,manager,tienda,T001,sesion_cerrada,
2026-09-30T13:21:27,ADMIN-Z1,admin,zona,Z1,sesion_iniciada,
2026-09-30T13:21:28,ADMIN-Z1,admin,zona,Z1,pagina_visitada,Resumen
2026-09-30T13:22:07,ADMIN-Z1,admin,zona,Z1,pagina_visitada,Avisos
2026-09-30T13:22:33,ADMIN-Z1,admin,zona,Z1,pagina_visitada,Horario
2026-09-30T13:22:43,ADMIN-Z1,admin,zona,Z1,pagina_visitada,Usuarios
2026-09-30T13:24:54,ADMIN-Z1,admin,zona,Z1,sesion_cerrada,
2026-09-30T17:20:03,SADMIN,super_admin,red,,sesion_iniciada,
2026-09-30T17:20:03,SADMIN,super_admin,red,,pagina_visitada,Resumen
2026-09-30T17:28:21,SADMIN,super_admin,red,,pagina_visitada,Horario
2026-09-30T17:28:31,SADMIN,super_admin,red,,pagina_visitada,Resumen
2026-09-30T18:00:32,SADMIN,super_admin,red,,pagina_visitada,Horario
2026-09-30T18:00:43,SADMIN,super_admin,red,,pagina_visitada,Avisos
2026-09-30T18:00:47,SADMIN,super_admin,red,,pagina_visitada,Horario
2026-09-30T18:01:53,SADMIN,super_admin,red,,pagina_visitada,Avisos
2026-09-30T18:01:56,SADMIN,super_admin,red,,pagina_visitada,Horario
2026-09-30T18:02:01,SADMIN,super_admin,red,,pagina_visitada,Avisos
2026-09-30T18:02:03,SADMIN,super_admin,red,,pagina_visitada,Horario
2026-09-30T18:02:12,SADMIN,super_admin,red,,pagina_visitada,Avisos
2026-09-30T18:02:15,SADMIN,super_admin,red,,pagina_visitada,Usuarios
2026-09-30T18:02:21,SADMIN,super_admin,red,,pagina_visitada,Reglas legales
2026-09-30T18:05:18,SADMIN,super_admin,red,,pagina_visitada,Datos
2026-10-02T12:26:17,SADMIN,super_admin,red,,sesion_iniciada,
2026-10-02T12:26:17,SADMIN,super_admin,red,,pagina_visitada,Resumen
2026-10-02T12:58:32,SADMIN,super_admin,red,,sesion_iniciada,
2026-10-02T12:58:32,SADMIN,super_admin,red,,pagina_visitada,Resumen
2026-10-02T13:16:41,SADMIN,super_admin,red,,sesion_iniciada,
2026-10-02T13:16:41,SADMIN,super_admin,red,,pagina_visitada,Resumen
2026-10-02T13:17:15,SADMIN,super_admin,red,,pagina_visitada,Datos
2026-10-02T13:17:50,SADMIN,super_admin,red,,pagina_visitada,Reglas legales
2026-10-02T13:18:43,SADMIN,super_admin,red,,pagina_visitada,Datos
2026-10-02T13:19:02,SADMIN,super_admin,red,,pagina_visitada,Reglas legales
2026-10-02T13:19:32,SADMIN,super_admin,red,,pagina_visitada,Resumen
2026-10-02T13:19:43,SADMIN,super_admin,red,,pagina_visitada,Horario
2026-10-02T13:22:27,SADMIN,super_admin,red,,sesion_cerrada,
2026-10-02T13:22:57,Man001,manager,tienda,T001,sesion_iniciada,
2026-10-02T13:22:57,Man001,manager,tienda,T001,pagina_visitada,Horario
2026-10-02T13:23:48,Man001,manager,tienda,T001,sesion_iniciada,
2026-10-02T13:23:48,Man001,manager,tienda,T001,pagina_visitada,Horario
2026-10-02T13:25:02,Man001,manager,tienda,T001,sesion_iniciada,
2026-10-02T13:25:02,Man001,manager,tienda,T001,pagina_visitada,Horario
2026-10-02T13:27:09,Man001,manager,tienda,T001,sesion_cerrada,
2026-10-02T13:27:16,Man001,manager,tienda,T001,sesion_iniciada,
2026-10-02T13:27:16,Man001,manager,tienda,T001,pagina_visitada,Horario
2026-10-02T13:27:23,Man001,manager,tienda,T001,sesion_cerrada,
2026-10-02T13:27:25,Man001,manager,tienda,T001,sesion_cerrada,
2026-10-02T13:27:46,Man001,manager,tienda,T001,sesion_iniciada,
2026-10-02T13:27:46,Man001,manager,tienda,T001,pagina_visitada,Horario
2026-10-02T13:28:05,Man001,manager,tienda,T001,sesion_cerrada,
