tienda_id,fecha,hora,clientes_estimados
T001,2026-09-27,0,0
T001,2026-09-27,1,0
T001,2026-09-27,2,0
T001,2026-09-27,3,0
T001,2026-09-27,4,0
T001,2026-09-27,5,0
T001,2026-09-27,6,0
T001,2026-09-27,7,0
T001,2026-09-27,8,10
T001,2026-09-27,9,15
T001,2026-09-27,10,55
T001,2026-09-27,11,59
T001,2026-09-27,12,116
T001,2026-09-27,13,185
T001,2026-09-27,14,210
T001,2026-09-27,15,193
T001,2026-09-27,16,200
T001,2026-09-27,17,239
T001,2026-09-27,18,190
T001,2026-09-27,19,225
T001,2026-09-27,20,160
T001,2026-09-27,21,116
T001,2026-09-27,22,0
T001,2026-09-27,23,0
T001,2026-09-28,0,0
T001,2026-09-28,1,0
T001,2026-09-28,2,0
T001,2026-09-28,3,0
T001,2026-09-28,4,0
T001,2026-09-28,5,0
T001,2026-09-28,6,0
T001,2026-09-28,7,0
T001,2026-09-28,8,4
T001,2026-09-28,9,15
T001,2026-09-28,10,34
T001,2026-09-28,11,67
T001,2026-09-28,12,90
T001,2026-09-28,13,109
T001,2026-09-28,14,160
T001,2026-09-28,15,139
T001,2026-09-28,16,123
T001,2026-09-28,17,140
T001,2026-09-28,18,136
T001,2026-09-28,19,109
T001,2026-09-28,20,105
T001,2026-09-28,21,90
T001,2026-09-28,22,0
T001,2026-09-28,23,0
T001,2026-09-29,0,0
T001,2026-09-29,1,0
T001,2026-09-29,2,0
T001,2026-09-29,3,0
T001,2026-09-29,4,0
T001,2026-09-29,5,0
T001,2026-09-29,6,0
T001,2026-09-29,7,0
T001,2026-09-29,8,7
T001,2026-09-29,9,15
T001,2026-09-29,10,35
T001,2026-09-29,11,59
T001,2026-09-29,12,90
T001,2026-09-29,13,139
T001,2026-09-29,14,137
T001,2026-09-29,15,143
T001,2026-09-29,16,144
T001,2026-09-29,17,148
T001,2026-09-29,18,150
T001,2026-09-29,19,126
T001,2026-09-29,20,113
T001,2026-09-29,21,74
T001,2026-09-29,22,0
T001,2026-09-29,23,0
T001,2026-09-30,0,0
T001,2026-09-30,1,0
T001,2026-09-30,2,0
T001,2026-09-30,3,0
T001,2026-09-30,4,0
T001,2026-09-30,5,0
T001,2026-09-30,6,0
T001,2026-09-30,7,0
T001,2026-09-30,8,7
T001,2026-09-30,9,24
T001,2026-09-30,10,45
T001,2026-09-30,11,85
T001,2026-09-30,12,133
T001,2026-09-30,13,162
T001,2026-09-30,14,143
T001,2026-09-30,15,183
T001,2026-09-30,16,162
T001,2026-09-30,17,186
T001,2026-09-30,18,182
T001,2026-09-30,19,179
T001,2026-09-30,20,161
T001,2026-09-30,21,108
T001,2026-09-30,22,0
T001,2026-09-30,23,0
T001,2026-10-01,0,0
T001,2026-10-01,1,0
T001,2026-10-01,2,0
T001,2026-10-01,3,0
T001,2026-10-01,4,0
T001,2026-10-01,5,0
T001,2026-10-01,6,0
T001,2026-10-01,7,0
T001,2026-10-01,8,6
T001,2026-10-01,9,17
T001,2026-10-01,10,32
T001,2026-10-01,11,55
T001,2026-10-01,12,91
T001,2026-10-01,13,130
T001,2026-10-01,14,123
T001,2026-10-01,15,151
T001,2026-10-01,16,113
T001,2026-10-01,17,134
T001,2026-10-01,18,125
T001,2026-10-01,19,165
T001,2026-10-01,20,85
T001,2026-10-01,21,92
T001,2026-10-01,22,0
T001,2026-10-01,23,0
T001,2026-10-02,0,0
T001,2026-10-02,1,0
T001,2026-10-02,2,0
T001,2026-10-02,3,0
T001,2026-10-02,4,0
T001,2026-10-02,5,0
T001,2026-10-02,6,0
T001,2026-10-02,7,0
T001,2026-10-02,8,4
T001,2026-10-02,9,14
T001,2026-10-02,10,39
T001,2026-10-02,11,64
T001,2026-10-02,12,84
T001,2026-10-02,13,115
T001,2026-10-02,14,140
T001,2026-10-02,15,115
T001,2026-10-02,16,126
T001,2026-10-02,17,146
T001,2026-10-02,18,158
T001,2026-10-02,19,151
T001,2026-10-02,20,99
T001,2026-10-02,21,85
T001,2026-10-02,22,0
T001,2026-10-02,23,0
T001,2026-10-03,0,0
T001,2026-10-03,1,0
T001,2026-10-03,2,0
T001,2026-10-03,3,0
T001,2026-10-03,4,0
T001,2026-10-03,5,0
T001,2026-10-03,6,0
T001,2026-10-03,7,0
T001,2026-10-03,8,8
T001,2026-10-03,9,25
T001,2026-10-03,10,55
T001,2026-10-03,11,91
T001,2026-10-03,12,130
T001,2026-10-03,13,209
T001,2026-10-03,14,232
T001,2026-10-03,15,213
T001,2026-10-03,16,224
T001,2026-10-03,17,241
T001,2026-10-03,18,223
T001,2026-10-03,19,197
T001,2026-10-03,20,178
T001,2026-10-03,21,127
T001,2026-10-03,22,0
T001,2026-10-03,23,0
T007,2026-09-27,0,0
T007,2026-09-27,1,0
T007,2026-09-27,2,0
T007,2026-09-27,3,0
T007,2026-09-27,4,0
T007,2026-09-27,5,0
T007,2026-09-27,6,0
T007,2026-09-27,7,8
T007,2026-09-27,8,25
T007,2026-09-27,9,67
T007,2026-09-27,10,112
T007,2026-09-27,11,203
T007,2026-09-27,12,356
T007,2026-09-27,13,444
T007,2026-09-27,14,412
T007,2026-09-27,15,504
T007,2026-09-27,16,477
T007,2026-09-27,17,493
T007,2026-09-27,18,417
T007,2026-09-27,19,487
T007,2026-09-27,20,297
T007,2026-09-27,21,245
T007,2026-09-27,22,178
T007,2026-09-27,23,0
T007,2026-09-28,0,0
T007,2026-09-28,1,0
T007,2026-09-28,2,0
T007,2026-09-28,3,0
T007,2026-09-28,4,0
T007,2026-09-28,5,0
T007,2026-09-28,6,0
T007,2026-09-28,7,6
T007,2026-09-28,8,14
T007,2026-09-28,9,42
T007,2026-09-28,10,85
T007,2026-09-28,11,174
T007,2026-09-28,12,207
T007,2026-09-28,13,330
T007,2026-09-28,14,351
T007,2026-09-28,15,420
T007,2026-09-28,16,388
T007,2026-09-28,17,370
T007,2026-09-28,18,308
T007,2026-09-28,19,312
T007,2026-09-28,20,279
T007,2026-09-28,21,255
T007,2026-09-28,22,123
T007,2026-09-28,23,0
T007,2026-09-29,0,0
T007,2026-09-29,1,0
T007,2026-09-29,2,0
T007,2026-09-29,3,0
T007,2026-09-29,4,0
T007,2026-09-29,5,0
T007,2026-09-29,6,1
T007,2026-09-29,7,6
T007,2026-09-29,8,11
T007,2026-09-29,9,48
T007,2026-09-29,10,70
T007,2026-09-29,11,164
T007,2026-09-29,12,231
T007,2026-09-29,13,301
T007,2026-09-29,14,339
T007,2026-09-29,15,378
T007,2026-09-29,16,354
T007,2026-09-29,17,400
T007,2026-09-29,18,336
T007,2026-09-29,19,377
T007,2026-09-29,20,280
T007,2026-09-29,21,134
T007,2026-09-29,22,175
T007,2026-09-29,23,0
T007,2026-09-30,0,0
T007,2026-09-30,1,0
T007,2026-09-30,2,0
T007,2026-09-30,3,0
T007,2026-09-30,4,0
T007,2026-09-30,5,0
T007,2026-09-30,6,3
T007,2026-09-30,7,8
T007,2026-09-30,8,24
T007,2026-09-30,9,46
T007,2026-09-30,10,111
T007,2026-09-30,11,216
T007,2026-09-30,12,273
T007,2026-09-30,13,413
T007,2026-09-30,14,442
T007,2026-09-30,15,475
T007,2026-09-30,16,525
T007,2026-09-30,17,357
T007,2026-09-30,18,480
T007,2026-09-30,19,393
T007,2026-09-30,20,301
T007,2026-09-30,21,305
T007,2026-09-30,22,186
T007,2026-09-30,23,0
T007,2026-10-01,0,0
T007,2026-10-01,1,0
T007,2026-10-01,2,0
T007,2026-10-01,3,0
T007,2026-10-01,4,0
T007,2026-10-01,5,0
T007,2026-10-01,6,1
T007,2026-10-01,7,6
T007,2026-10-01,8,14
T007,2026-10-01,9,34
T007,2026-10-01,10,87
T007,2026-10-01,11,141
T007,2026-10-01,12,223
T007,2026-10-01,13,294
T007,2026-10-01,14,307
T007,2026-10-01,15,372
T007,2026-10-01,16,326
T007,2026-10-01,17,384
T007,2026-10-01,18,326
T007,2026-10-01,19,253
T007,2026-10-01,20,272
T007,2026-10-01,21,237
T007,2026-10-01,22,134
T007,2026-10-01,23,0
T007,2026-10-02,0,0
T007,2026-10-02,1,0
T007,2026-10-02,2,0
T007,2026-10-02,3,0
T007,2026-10-02,4,0
T007,2026-10-02,5,0
T007,2026-10-02,6,0
T007,2026-10-02,7,6
T007,2026-10-02,8,15
T007,2026-10-02,9,42
T007,2026-10-02,10,84
T007,2026-10-02,11,130
T007,2026-10-02,12,235
T007,2026-10-02,13,263
T007,2026-10-02,14,358
T007,2026-10-02,15,339
T007,2026-10-02,16,287
T007,2026-10-02,17,300
T007,2026-10-02,18,301
T007,2026-10-02,19,322
T007,2026-10-02,20,256
T007,2026-10-02,21,179
T007,2026-10-02,22,113
T007,2026-10-02,23,0
T007,2026-10-03,0,0
T007,2026-10-03,1,0
T007,2026-10-03,2,0
T007,2026-10-03,3,0
T007,2026-10-03,4,0
T007,2026-10-03,5,0
T007,2026-10-03,6,1
T007,2026-10-03,7,7
T007,2026-10-03,8,32
T007,2026-10-03,9,56
T007,2026-10-03,10,113
T007,2026-10-03,11,241
T007,2026-10-03,12,322
T007,2026-10-03,13,468
T007,2026-10-03,14,480
T007,2026-10-03,15,528
T007,2026-10-03,16,596
T007,2026-10-03,17,524
T007,2026-10-03,18,539
T007,2026-10-03,19,526
T007,2026-10-03,20,381
T007,2026-10-03,21,330
T007,2026-10-03,22,239
T007,2026-10-03,23,0
T009,2026-09-27,0,0
T009,2026-09-27,1,0
T009,2026-09-27,2,0
T009,2026-09-27,3,0
T009,2026-09-27,4,0
T009,2026-09-27,5,0
T009,2026-09-27,6,0
T009,2026-09-27,7,4
T009,2026-09-27,8,18
T009,2026-09-27,9,36
T009,2026-09-27,10,87
T009,2026-09-27,11,160
T009,2026-09-27,12,274
T009,2026-09-27,13,308
T009,2026-09-27,14,360
T009,2026-09-27,15,372
T009,2026-09-27,16,349
T009,2026-09-27,17,349
T009,2026-09-27,18,330
T009,2026-09-27,19,309
T009,2026-09-27,20,319
T009,2026-09-27,21,0
T009,2026-09-27,22,0
T009,2026-09-27,23,0
T009,2026-09-28,0,0
T009,2026-09-28,1,0
T009,2026-09-28,2,0
T009,2026-09-28,3,0
T009,2026-09-28,4,0
T009,2026-09-28,5,0
T009,2026-09-28,6,0
T009,2026-09-28,7,3
T009,2026-09-28,8,13
T009,2026-09-28,9,31
T009,2026-09-28,10,49
T009,2026-09-28,11,116
T009,2026-09-28,12,132
T009,2026-09-28,13,196
T009,2026-09-28,14,235
T009,2026-09-28,15,260
T009,2026-09-28,16,217
T009,2026-09-28,17,213
T009,2026-09-28,18,211
T009,2026-09-28,19,195
T009,2026-09-28,20,186
T009,2026-09-28,21,0
T009,2026-09-28,22,0
T009,2026-09-28,23,0
T009,2026-09-29,0,0
T009,2026-09-29,1,0
T009,2026-09-29,2,0
T009,2026-09-29,3,0
T009,2026-09-29,4,0
T009,2026-09-29,5,0
T009,2026-09-29,6,0
T009,2026-09-29,7,1
T009,2026-09-29,8,10
T009,2026-09-29,9,31
T009,2026-09-29,10,64
T009,2026-09-29,11,118
T009,2026-09-29,12,150
T009,2026-09-29,13,232
T009,2026-09-29,14,241
T009,2026-09-29,15,280
T009,2026-09-29,16,255
T009,2026-09-29,17,259
T009,2026-09-29,18,182
T009,2026-09-29,19,186
T009,2026-09-29,20,193
T009,2026-09-29,21,0
T009,2026-09-29,22,0
T009,2026-09-29,23,0
T009,2026-09-30,0,0
T009,2026-09-30,1,0
T009,2026-09-30,2,0
T009,2026-09-30,3,0
T009,2026-09-30,4,0
T009,2026-09-30,5,0
T009,2026-09-30,6,0
T009,2026-09-30,7,4
T009,2026-09-30,8,14
T009,2026-09-30,9,48
T009,2026-09-30,10,78
T009,2026-09-30,11,150
T009,2026-09-30,12,197
T009,2026-09-30,13,249
T009,2026-09-30,14,270
T009,2026-09-30,15,286
T009,2026-09-30,16,273
T009,2026-09-30,17,321
T009,2026-09-30,18,312
T009,2026-09-30,19,241
T009,2026-09-30,20,216
T009,2026-09-30,21,0
T009,2026-09-30,22,0
T009,2026-09-30,23,0
T009,2026-10-01,0,0
T009,2026-10-01,1,0
T009,2026-10-01,2,0
T009,2026-10-01,3,0
T009,2026-10-01,4,0
T009,2026-10-01,5,0
T009,2026-10-01,6,0
T009,2026-10-01,7,4
T009,2026-10-01,8,10
T009,2026-10-01,9,22
T009,2026-10-01,10,56
T009,2026-10-01,11,98
T009,2026-10-01,12,168
T009,2026-10-01,13,206
T009,2026-10-01,14,245
T009,2026-10-01,15,228
T009,2026-10-01,16,270
T009,2026-10-01,17,199
T009,2026-10-01,18,183
T009,2026-10-01,19,139
T009,2026-10-01,20,181
T009,2026-10-01,21,0
T009,2026-10-01,22,0
T009,2026-10-01,23,0
T009,2026-10-02,0,0
T009,2026-10-02,1,0
T009,2026-10-02,2,0
T009,2026-10-02,3,0
T009,2026-10-02,4,0
T009,2026-10-02,5,0
T009,2026-10-02,6,0
T009,2026-10-02,7,3
T009,2026-10-02,8,10
T009,2026-10-02,9,25
T009,2026-10-02,10,53
T009,2026-10-02,11,118
T009,2026-10-02,12,144
T009,2026-10-02,13,207
T009,2026-10-02,14,232
T009,2026-10-02,15,244
T009,2026-10-02,16,223
T009,2026-10-02,17,175
T009,2026-10-02,18,234
T009,2026-10-02,19,216
T009,2026-10-02,20,139
T009,2026-10-02,21,0
T009,2026-10-02,22,0
T009,2026-10-02,23,0
T009,2026-10-03,0,0
T009,2026-10-03,1,0
T009,2026-10-03,2,0
T009,2026-10-03,3,0
T009,2026-10-03,4,0
T009,2026-10-03,5,0
T009,2026-10-03,6,0
T009,2026-10-03,7,4
T009,2026-10-03,8,18
T009,2026-10-03,9,43
T009,2026-10-03,10,92
T009,2026-10-03,11,181
T009,2026-10-03,12,231
T009,2026-10-03,13,349
T009,2026-10-03,14,342
T009,2026-10-03,15,385
T009,2026-10-03,16,357
T009,2026-10-03,17,333
T009,2026-10-03,18,372
T009,2026-10-03,19,343
T009,2026-10-03,20,227
T009,2026-10-03,21,0
T009,2026-10-03,22,0
T009,2026-10-03,23,0
T010,2026-09-27,0,0
T010,2026-09-27,1,0
T010,2026-09-27,2,0
T010,2026-09-27,3,0
T010,2026-09-27,4,0
T010,2026-09-27,5,0
T010,2026-09-27,6,0
T010,2026-09-27,7,0
T010,2026-09-27,8,14
T010,2026-09-27,9,38
T010,2026-09-27,10,90
T010,2026-09-27,11,160
T010,2026-09-27,12,242
T010,2026-09-27,13,280
T010,2026-09-27,14,377
T010,2026-09-27,15,343
T010,2026-09-27,16,340
T010,2026-09-27,17,305
T010,2026-09-27,18,323
T010,2026-09-27,19,311
T010,2026-09-27,20,270
T010,2026-09-27,21,214
T010,2026-09-27,22,140
T010,2026-09-27,23,0
T010,2026-09-28,0,0
T010,2026-09-28,1,0
T010,2026-09-28,2,0
T010,2026-09-28,3,0
T010,2026-09-28,4,0
T010,2026-09-28,5,0
T010,2026-09-28,6,0
T010,2026-09-28,7,0
T010,2026-09-28,8,10
T010,2026-09-28,9,35
T010,2026-09-28,10,55
T010,2026-09-28,11,85
T010,2026-09-28,12,171
T010,2026-09-28,13,160
T010,2026-09-28,14,207
T010,2026-09-28,15,253
T010,2026-09-28,16,234
T010,2026-09-28,17,230
T010,2026-09-28,18,172
T010,2026-09-28,19,206
T010,2026-09-28,20,196
T010,2026-09-28,21,120
T010,2026-09-28,22,83
T010,2026-09-28,23,0
T010,2026-09-29,0,0
T010,2026-09-29,1,0
T010,2026-09-29,2,0
T010,2026-09-29,3,0
T010,2026-09-29,4,0
T010,2026-09-29,5,0
T010,2026-09-29,6,0
T010,2026-09-29,7,0
T010,2026-09-29,8,10
T010,2026-09-29,9,25
T010,2026-09-29,10,60
T010,2026-09-29,11,129
T010,2026-09-29,12,157
T010,2026-09-29,13,189
T010,2026-09-29,14,251
T010,2026-09-29,15,195
T010,2026-09-29,16,210
T010,2026-09-29,17,174
T010,2026-09-29,18,263
T010,2026-09-29,19,242
T010,2026-09-29,20,193
T010,2026-09-29,21,125
T010,2026-09-29,22,71
T010,2026-09-29,23,0
T010,2026-09-30,0,0
T010,2026-09-30,1,0
T010,2026-09-30,2,0
T010,2026-09-30,3,0
T010,2026-09-30,4,0
T010,2026-09-30,5,0
T010,2026-09-30,6,0
T010,2026-09-30,7,0
T010,2026-09-30,8,13
T010,2026-09-30,9,39
T010,2026-09-30,10,78
T010,2026-09-30,11,130
T010,2026-09-30,12,221
T010,2026-09-30,13,256
T010,2026-09-30,14,391
T010,2026-09-30,15,316
T010,2026-09-30,16,426
T010,2026-09-30,17,307
T010,2026-09-30,18,262
T010,2026-09-30,19,230
T010,2026-09-30,20,245
T010,2026-09-30,21,151
T010,2026-09-30,22,115
T010,2026-09-30,23,0
T010,2026-10-01,0,0
T010,2026-10-01,1,0
T010,2026-10-01,2,0
T010,2026-10-01,3,0
T010,2026-10-01,4,0
T010,2026-10-01,5,0
T010,2026-10-01,6,0
T010,2026-10-01,7,0
T010,2026-10-01,8,8
T010,2026-10-01,9,27
T010,2026-10-01,10,67
T010,2026-10-01,11,95
T010,2026-10-01,12,185
T010,2026-10-01,13,210
T010,2026-10-01,14,218
T010,2026-10-01,15,241
T010,2026-10-01,16,223
T010,2026-10-01,17,225
T010,2026-10-01,18,192
T010,2026-10-01,19,164
T010,2026-10-01,20,151
T010,2026-10-01,21,148
T010,2026-10-01,22,94
T010,2026-10-01,23,0
T010,2026-10-02,0,0
T010,2026-10-02,1,0
T010,2026-10-02,2,0
T010,2026-10-02,3,0
T010,2026-10-02,4,0
T010,2026-10-02,5,0
T010,2026-10-02,6,0
T010,2026-10-02,7,0
T010,2026-10-02,8,11
T010,2026-10-02,9,31
T010,2026-10-02,10,64
T010,2026-10-02,11,112
T010,2026-10-02,12,160
T010,2026-10-02,13,185
T010,2026-10-02,14,242
T010,2026-10-02,15,227
T010,2026-10-02,16,241
T010,2026-10-02,17,288
T010,2026-10-02,18,237
T010,2026-10-02,19,218
T010,2026-10-02,20,158
T010,2026-10-02,21,136
T010,2026-10-02,22,101
T010,2026-10-02,23,0
T010,2026-10-03,0,0
T010,2026-10-03,1,0
T010,2026-10-03,2,0
T010,2026-10-03,3,0
T010,2026-10-03,4,0
T010,2026-10-03,5,0
T010,2026-10-03,6,0
T010,2026-10-03,7,0
T010,2026-10-03,8,15
T010,2026-10-03,9,32
T010,2026-10-03,10,97
T010,2026-10-03,11,130
T010,2026-10-03,12,220
T010,2026-10-03,13,291
T010,2026-10-03,14,339
T010,2026-10-03,15,344
T010,2026-10-03,16,363
T010,2026-10-03,17,354
T010,2026-10-03,18,329
T010,2026-10-03,19,297
T010,2026-10-03,20,302
T010,2026-10-03,21,150
T010,2026-10-03,22,126
T010,2026-10-03,23,0
T018,2026-09-27,0,0
T018,2026-09-27,1,0
T018,2026-09-27,2,0
T018,2026-09-27,3,0
T018,2026-09-27,4,0
T018,2026-09-27,5,0
T018,2026-09-27,6,1
T018,2026-09-27,7,4
T018,2026-09-27,8,18
T018,2026-09-27,9,42
T018,2026-09-27,10,95
T018,2026-09-27,11,133
T018,2026-09-27,12,260
T018,2026-09-27,13,392
T018,2026-09-27,14,414
T018,2026-09-27,15,363
T018,2026-09-27,16,382
T018,2026-09-27,17,382
T018,2026-09-27,18,357
T018,2026-09-27,19,325
T018,2026-09-27,20,297
T018,2026-09-27,21,0
T018,2026-09-27,22,0
T018,2026-09-27,23,0
T018,2026-09-28,0,0
T018,2026-09-28,1,0
T018,2026-09-28,2,0
T018,2026-09-28,3,0
T018,2026-09-28,4,0
T018,2026-09-28,5,0
T018,2026-09-28,6,0
T018,2026-09-28,7,3
T018,2026-09-28,8,13
T018,2026-09-28,9,34
T018,2026-09-28,10,55
T018,2026-09-28,11,112
T018,2026-09-28,12,186
T018,2026-09-28,13,210
T018,2026-09-28,14,238
T018,2026-09-28,15,260
T018,2026-09-28,16,213
T018,2026-09-28,17,249
T018,2026-09-28,18,255
T018,2026-09-28,19,197
T018,2026-09-28,20,190
T018,2026-09-28,21,0
T018,2026-09-28,22,0
T018,2026-09-28,23,0
T018,2026-09-29,0,0
T018,2026-09-29,1,0
T018,2026-09-29,2,0
T018,2026-09-29,3,0
T018,2026-09-29,4,0
T018,2026-09-29,5,0
T018,2026-09-29,6,0
T018,2026-09-29,7,4
T018,2026-09-29,8,10
T018,2026-09-29,9,25
T018,2026-09-29,10,57
T018,2026-09-29,11,88
T018,2026-09-29,12,148
T018,2026-09-29,13,188
T018,2026-09-29,14,209
T018,2026-09-29,15,227
T018,2026-09-29,16,183
T018,2026-09-29,17,204
T018,2026-09-29,18,245
T018,2026-09-29,19,207
T018,2026-09-29,20,137
T018,2026-09-29,21,0
T018,2026-09-29,22,0
T018,2026-09-29,23,0
T018,2026-09-30,0,0
T018,2026-09-30,1,0
T018,2026-09-30,2,0
T018,2026-09-30,3,0
T018,2026-09-30,4,0
T018,2026-09-30,5,0
T018,2026-09-30,6,1
T018,2026-09-30,7,4
T018,2026-09-30,8,13
T018,2026-09-30,9,35
T018,2026-09-30,10,83
T018,2026-09-30,11,130
T018,2026-09-30,12,214
T018,2026-09-30,13,291
T018,2026-09-30,14,260
T018,2026-09-30,15,305
T018,2026-09-30,16,273
T018,2026-09-30,17,336
T018,2026-09-30,18,314
T018,2026-09-30,19,280
T018,2026-09-30,20,224
T018,2026-09-30,21,0
T018,2026-09-30,22,0
T018,2026-09-30,23,0
T018,2026-10-01,0,0
T018,2026-10-01,1,0
T018,2026-10-01,2,0
T018,2026-10-01,3,0
T018,2026-10-01,4,0
T018,2026-10-01,5,0
T018,2026-10-01,6,0
T018,2026-10-01,7,1
T018,2026-10-01,8,11
T018,2026-10-01,9,31
T018,2026-10-01,10,52
T018,2026-10-01,11,108
T018,2026-10-01,12,139
T018,2026-10-01,13,202
T018,2026-10-01,14,220
T018,2026-10-01,15,230
T018,2026-10-01,16,224
T018,2026-10-01,17,246
T018,2026-10-01,18,245
T018,2026-10-01,19,148
T018,2026-10-01,20,190
T018,2026-10-01,21,0
T018,2026-10-01,22,0
T018,2026-10-01,23,0
T018,2026-10-02,0,0
T018,2026-10-02,1,0
T018,2026-10-02,2,0
T018,2026-10-02,3,0
T018,2026-10-02,4,0
T018,2026-10-02,5,0
T018,2026-10-02,6,0
T018,2026-10-02,7,1
T018,2026-10-02,8,13
T018,2026-10-02,9,21
T018,2026-10-02,10,52
T018,2026-10-02,11,87
T018,2026-10-02,12,174
T018,2026-10-02,13,183
T018,2026-10-02,14,221
T018,2026-10-02,15,204
T018,2026-10-02,16,235
T018,2026-10-02,17,255
T018,2026-10-02,18,182
T018,2026-10-02,19,197
T018,2026-10-02,20,182
T018,2026-10-02,21,0
T018,2026-10-02,22,0
T018,2026-10-02,23,0
T018,2026-10-03,0,0
T018,2026-10-03,1,0
T018,2026-10-03,2,0
T018,2026-10-03,3,0
T018,2026-10-03,4,0
T018,2026-10-03,5,0
T018,2026-10-03,6,0
T018,2026-10-03,7,6
T018,2026-10-03,8,14
T018,2026-10-03,9,38
T018,2026-10-03,10,94
T018,2026-10-03,11,151
T018,2026-10-03,12,190
T018,2026-10-03,13,276
T018,2026-10-03,14,281
T018,2026-10-03,15,363
T018,2026-10-03,16,347
T018,2026-10-03,17,351
T018,2026-10-03,18,302
T018,2026-10-03,19,312
T018,2026-10-03,20,225
T018,2026-10-03,21,0
T018,2026-10-03,22,0
T018,2026-10-03,23,0
T023,2026-09-27,0,0
T023,2026-09-27,1,0
T023,2026-09-27,2,0
T023,2026-09-27,3,0
T023,2026-09-27,4,0
T023,2026-09-27,5,0
T023,2026-09-27,6,0
T023,2026-09-27,7,0
T023,2026-09-27,8,10
T023,2026-09-27,9,25
T023,2026-09-27,10,59
T023,2026-09-27,11,92
T023,2026-09-27,12,148
T023,2026-09-27,13,189
T023,2026-09-27,14,189
T023,2026-09-27,15,203
T023,2026-09-27,16,251
T023,2026-09-27,17,232
T023,2026-09-27,18,141
T023,2026-09-27,19,183
T023,2026-09-27,20,175
T023,2026-09-27,21,116
T023,2026-09-27,22,69
T023,2026-09-27,23,0
T023,2026-09-28,0,0
T023,2026-09-28,1,0
T023,2026-09-28,2,0
T023,2026-09-28,3,0
T023,2026-09-28,4,0
T023,2026-09-28,5,0
T023,2026-09-28,6,0
T023,2026-09-28,7,0
T023,2026-09-28,8,6
T023,2026-09-28,9,20
T023,2026-09-28,10,31
T023,2026-09-28,11,46
T023,2026-09-28,12,84
T023,2026-09-28,13,125
T023,2026-09-28,14,133
T023,2026-09-28,15,164
T023,2026-09-28,16,148
T023,2026-09-28,17,126
T023,2026-09-28,18,120
T023,2026-09-28,19,118
T023,2026-09-28,20,108
T023,2026-09-28,21,76
T023,2026-09-28,22,50
T023,2026-09-28,23,0
T023,2026-09-29,0,0
T023,2026-09-29,1,0
T023,2026-09-29,2,0
T023,2026-09-29,3,0
T023,2026-09-29,4,0
T023,2026-09-29,5,0
T023,2026-09-29,6,0
T023,2026-09-29,7,0
T023,2026-09-29,8,4
T023,2026-09-29,9,15
T023,2026-09-29,10,31
T023,2026-09-29,11,55
T023,2026-09-29,12,88
T023,2026-09-29,13,126
T023,2026-09-29,14,141
T023,2026-09-29,15,147
T023,2026-09-29,16,150
T023,2026-09-29,17,120
T023,2026-09-29,18,125
T023,2026-09-29,19,122
T023,2026-09-29,20,84
T023,2026-09-29,21,88
T023,2026-09-29,22,62
T023,2026-09-29,23,0
T023,2026-09-30,0,0
T023,2026-09-30,1,0
T023,2026-09-30,2,0
T023,2026-09-30,3,0
T023,2026-09-30,4,0
T023,2026-09-30,5,0
T023,2026-09-30,6,0
T023,2026-09-30,7,0
T023,2026-09-30,8,6
T023,2026-09-30,9,24
T023,2026-09-30,10,42
T023,2026-09-30,11,91
T023,2026-09-30,12,109
T023,2026-09-30,13,161
T023,2026-09-30,14,161
T023,2026-09-30,15,211
T023,2026-09-30,16,202
T023,2026-09-30,17,189
T023,2026-09-30,18,175
T023,2026-09-30,19,171
T023,2026-09-30,20,148
T023,2026-09-30,21,122
T023,2026-09-30,22,83
T023,2026-09-30,23,0
T023,2026-10-01,0,0
T023,2026-10-01,1,0
T023,2026-10-01,2,0
T023,2026-10-01,3,0
T023,2026-10-01,4,0
T023,2026-10-01,5,0
T023,2026-10-01,6,0
T023,2026-10-01,7,0
T023,2026-10-01,8,4
T023,2026-10-01,9,17
T023,2026-10-01,10,35
T023,2026-10-01,11,56
T023,2026-10-01,12,88
T023,2026-10-01,13,129
T023,2026-10-01,14,154
T023,2026-10-01,15,155
T023,2026-10-01,16,160
T023,2026-10-01,17,153
T023,2026-10-01,18,122
T023,2026-10-01,19,112
T023,2026-10-01,20,119
T023,2026-10-01,21,80
T023,2026-10-01,22,56
T023,2026-10-01,23,0
T023,2026-10-02,0,0
T023,2026-10-02,1,0
T023,2026-10-02,2,0
T023,2026-10-02,3,0
T023,2026-10-02,4,0
T023,2026-10-02,5,0
T023,2026-10-02,6,0
T023,2026-10-02,7,0
T023,2026-10-02,8,6
T023,2026-10-02,9,13
T023,2026-10-02,10,32
T023,2026-10-02,11,66
T023,2026-10-02,12,95
T023,2026-10-02,13,127
T023,2026-10-02,14,151
T023,2026-10-02,15,144
T023,2026-10-02,16,146
T023,2026-10-02,17,143
T023,2026-10-02,18,112
T023,2026-10-02,19,120
T023,2026-10-02,20,109
T023,2026-10-02,21,80
T023,2026-10-02,22,56
T023,2026-10-02,23,0
T023,2026-10-03,0,0
T023,2026-10-03,1,0
T023,2026-10-03,2,0
T023,2026-10-03,3,0
T023,2026-10-03,4,0
T023,2026-10-03,5,0
T023,2026-10-03,6,0
T023,2026-10-03,7,0
T023,2026-10-03,8,8
T023,2026-10-03,9,22
T023,2026-10-03,10,55
T023,2026-10-03,11,105
T023,2026-10-03,12,162
T023,2026-10-03,13,223
T023,2026-10-03,14,230
T023,2026-10-03,15,196
T023,2026-10-03,16,230
T023,2026-10-03,17,224
T023,2026-10-03,18,209
T023,2026-10-03,19,200
T023,2026-10-03,20,137
T023,2026-10-03,21,126
T023,2026-10-03,22,77
T023,2026-10-03,23,0
T032,2026-09-27,0,0
T032,2026-09-27,1,0
T032,2026-09-27,2,0
T032,2026-09-27,3,0
T032,2026-09-27,4,0
T032,2026-09-27,5,0
T032,2026-09-27,6,1
T032,2026-09-27,7,4
T032,2026-09-27,8,17
T032,2026-09-27,9,38
T032,2026-09-27,10,99
T032,2026-09-27,11,137
T032,2026-09-27,12,265
T032,2026-09-27,13,337
T032,2026-09-27,14,291
T032,2026-09-27,15,354
T032,2026-09-27,16,351
T032,2026-09-27,17,318
T032,2026-09-27,18,356
T032,2026-09-27,19,272
T032,2026-09-27,20,237
T032,2026-09-27,21,203
T032,2026-09-27,22,132
T032,2026-09-27,23,0
T032,2026-09-28,0,0
T032,2026-09-28,1,0
T032,2026-09-28,2,0
T032,2026-09-28,3,0
T032,2026-09-28,4,0
T032,2026-09-28,5,0
T032,2026-09-28,6,0
T032,2026-09-28,7,4
T032,2026-09-28,8,15
T032,2026-09-28,9,25
T032,2026-09-28,10,64
T032,2026-09-28,11,102
T032,2026-09-28,12,179
T032,2026-09-28,13,172
T032,2026-09-28,14,280
T032,2026-09-28,15,224
T032,2026-09-28,16,223
T032,2026-09-28,17,263
T032,2026-09-28,18,230
T032,2026-09-28,19,182
T032,2026-09-28,20,115
T032,2026-09-28,21,150
T032,2026-09-28,22,91
T032,2026-09-28,23,0
T032,2026-09-29,0,0
T032,2026-09-29,1,0
T032,2026-09-29,2,0
T032,2026-09-29,3,0
T032,2026-09-29,4,0
T032,2026-09-29,5,0
T032,2026-09-29,6,0
T032,2026-09-29,7,4
T032,2026-09-29,8,10
T032,2026-09-29,9,29
T032,2026-09-29,10,60
T032,2026-09-29,11,104
T032,2026-09-29,12,192
T032,2026-09-29,13,192
T032,2026-09-29,14,221
T032,2026-09-29,15,220
T032,2026-09-29,16,207
T032,2026-09-29,17,188
T032,2026-09-29,18,220
T032,2026-09-29,19,234
T032,2026-09-29,20,167
T032,2026-09-29,21,134
T032,2026-09-29,22,83
T032,2026-09-29,23,0
T032,2026-09-30,0,0
T032,2026-09-30,1,0
T032,2026-09-30,2,0
T032,2026-09-30,3,0
T032,2026-09-30,4,0
T032,2026-09-30,5,0
T032,2026-09-30,6,0
T032,2026-09-30,7,4
T032,2026-09-30,8,14
T032,2026-09-30,9,38
T032,2026-09-30,10,77
T032,2026-09-30,11,127
T032,2026-09-30,12,252
T032,2026-09-30,13,185
T032,2026-09-30,14,371
T032,2026-09-30,15,346
T032,2026-09-30,16,259
T032,2026-09-30,17,354
T032,2026-09-30,18,312
T032,2026-09-30,19,211
T032,2026-09-30,20,225
T032,2026-09-30,21,185
T032,2026-09-30,22,132
T032,2026-09-30,23,0
T032,2026-10-01,0,0
T032,2026-10-01,1,0
T032,2026-10-01,2,0
T032,2026-10-01,3,0
T032,2026-10-01,4,0
T032,2026-10-01,5,0
T032,2026-10-01,6,0
T032,2026-10-01,7,1
T032,2026-10-01,8,10
T032,2026-10-01,9,27
T032,2026-10-01,10,57
T032,2026-10-01,11,105
T032,2026-10-01,12,130
T032,2026-10-01,13,203
T032,2026-10-01,14,235
T032,2026-10-01,15,238
T032,2026-10-01,16,225
T032,2026-10-01,17,253
T032,2026-10-01,18,225
T032,2026-10-01,19,197
T032,2026-10-01,20,158
T032,2026-10-01,21,144
T032,2026-10-01,22,106
T032,2026-10-01,23,0
T032,2026-10-02,0,0
T032,2026-10-02,1,0
T032,2026-10-02,2,0
T032,2026-10-02,3,0
T032,2026-10-02,4,0
T032,2026-10-02,5,0
T032,2026-10-02,6,1
T032,2026-10-02,7,1
T032,2026-10-02,8,11
T032,2026-10-02,9,25
T032,2026-10-02,10,56
T032,2026-10-02,11,95
T032,2026-10-02,12,137
T032,2026-10-02,13,176
T032,2026-10-02,14,213
T032,2026-10-02,15,239
T032,2026-10-02,16,260
T032,2026-10-02,17,193
T032,2026-10-02,18,227
T032,2026-10-02,19,181
T032,2026-10-02,20,154
T032,2026-10-02,21,148
T032,2026-10-02,22,90
T032,2026-10-02,23,0
T032,2026-10-03,0,0
T032,2026-10-03,1,0
T032,2026-10-03,2,0
T032,2026-10-03,3,0
T032,2026-10-03,4,0
T032,2026-10-03,5,0
T032,2026-10-03,6,0
T032,2026-10-03,7,6
T032,2026-10-03,8,15
T032,2026-10-03,9,34
T032,2026-10-03,10,84
T032,2026-10-03,11,132
T032,2026-10-03,12,228
T032,2026-10-03,13,274
T032,2026-10-03,14,311
T032,2026-10-03,15,371
T032,2026-10-03,16,318
T032,2026-10-03,17,358
T032,2026-10-03,18,280
T032,2026-10-03,19,273
T032,2026-10-03,20,288
T032,2026-10-03,21,199
T032,2026-10-03,22,105
T032,2026-10-03,23,0
T033,2026-09-27,0,0
T033,2026-09-27,1,0
T033,2026-09-27,2,0
T033,2026-09-27,3,0
T033,2026-09-27,4,0
T033,2026-09-27,5,0
T033,2026-09-27,6,0
T033,2026-09-27,7,3
T033,2026-09-27,8,15
T033,2026-09-27,9,42
T033,2026-09-27,10,88
T033,2026-09-27,11,155
T033,2026-09-27,12,203
T033,2026-09-27,13,248
T033,2026-09-27,14,364
T033,2026-09-27,15,330
T033,2026-09-27,16,290
T033,2026-09-27,17,284
T033,2026-09-27,18,337
T033,2026-09-27,19,335
T033,2026-09-27,20,277
T033,2026-09-27,21,0
T033,2026-09-27,22,0
T033,2026-09-27,23,0
T033,2026-09-28,0,0
T033,2026-09-28,1,0
T033,2026-09-28,2,0
T033,2026-09-28,3,0
T033,2026-09-28,4,0
T033,2026-09-28,5,0
T033,2026-09-28,6,0
T033,2026-09-28,7,1
T033,2026-09-28,8,8
T033,2026-09-28,9,27
T033,2026-09-28,10,60
T033,2026-09-28,11,102
T033,2026-09-28,12,141
T033,2026-09-28,13,248
T033,2026-09-28,14,218
T033,2026-09-28,15,200
T033,2026-09-28,16,216
T033,2026-09-28,17,234
T033,2026-09-28,18,231
T033,2026-09-28,19,196
T033,2026-09-28,20,146
T033,2026-09-28,21,0
T033,2026-09-28,22,0
T033,2026-09-28,23,0
T033,2026-09-29,0,0
T033,2026-09-29,1,0
T033,2026-09-29,2,0
T033,2026-09-29,3,0
T033,2026-09-29,4,0
T033,2026-09-29,5,0
T033,2026-09-29,6,0
T033,2026-09-29,7,3
T033,2026-09-29,8,8
T033,2026-09-29,9,27
T033,2026-09-29,10,66
T033,2026-09-29,11,102
T033,2026-09-29,12,141
T033,2026-09-29,13,179
T033,2026-09-29,14,228
T033,2026-09-29,15,270
T033,2026-09-29,16,262
T033,2026-09-29,17,221
T033,2026-09-29,18,245
T033,2026-09-29,19,228
T033,2026-09-29,20,195
T033,2026-09-29,21,0
T033,2026-09-29,22,0
T033,2026-09-29,23,0
T033,2026-09-30,0,0
T033,2026-09-30,1,0
T033,2026-09-30,2,0
T033,2026-09-30,3,0
T033,2026-09-30,4,0
T033,2026-09-30,5,0
T033,2026-09-30,6,0
T033,2026-09-30,7,4
T033,2026-09-30,8,14
T033,2026-09-30,9,36
T033,2026-09-30,10,77
T033,2026-09-30,11,164
T033,2026-09-30,12,223
T033,2026-09-30,13,276
T033,2026-09-30,14,279
T033,2026-09-30,15,307
T033,2026-09-30,16,322
T033,2026-09-30,17,350
T033,2026-09-30,18,267
T033,2026-09-30,19,244
T033,2026-09-30,20,246
T033,2026-09-30,21,0
T033,2026-09-30,22,0
T033,2026-09-30,23,0
T033,2026-10-01,0,0
T033,2026-10-01,1,0
T033,2026-10-01,2,0
T033,2026-10-01,3,0
T033,2026-10-01,4,0
T033,2026-10-01,5,0
T033,2026-10-01,6,0
T033,2026-10-01,7,3
T033,2026-10-01,8,11
T033,2026-10-01,9,27
T033,2026-10-01,10,50
T033,2026-10-01,11,108
T033,2026-10-01,12,171
T033,2026-10-01,13,200
T033,2026-10-01,14,259
T033,2026-10-01,15,259
T033,2026-10-01,16,218
T033,2026-10-01,17,235
T033,2026-10-01,18,189
T033,2026-10-01,19,221
T033,2026-10-01,20,189
T033,2026-10-01,21,0
T033,2026-10-01,22,0
T033,2026-10-01,23,0
T033,2026-10-02,0,0
T033,2026-10-02,1,0
T033,2026-10-02,2,0
T033,2026-10-02,3,0
T033,2026-10-02,4,0
T033,2026-10-02,5,0
T033,2026-10-02,6,0
T033,2026-10-02,7,4
T033,2026-10-02,8,10
T033,2026-10-02,9,29
T033,2026-10-02,10,56
T033,2026-10-02,11,113
T033,2026-10-02,12,140
T033,2026-10-02,13,228
T033,2026-10-02,14,195
T033,2026-10-02,15,217
T033,2026-10-02,16,193
T033,2026-10-02,17,274
T033,2026-10-02,18,224
T033,2026-10-02,19,189
T033,2026-10-02,20,192
T033,2026-10-02,21,0
T033,2026-10-02,22,0
T033,2026-10-02,23,0
T033,2026-10-03,0,0
T033,2026-10-03,1,0
T033,2026-10-03,2,0
T033,2026-10-03,3,0
T033,2026-10-03,4,0
T033,2026-10-03,5,0
T033,2026-10-03,6,0
T033,2026-10-03,7,6
T033,2026-10-03,8,15
T033,2026-10-03,9,38
T033,2026-10-03,10,95
T033,2026-10-03,11,144
T033,2026-10-03,12,213
T033,2026-10-03,13,304
T033,2026-10-03,14,328
T033,2026-10-03,15,357
T033,2026-10-03,16,259
T033,2026-10-03,17,337
T033,2026-10-03,18,302
T033,2026-10-03,19,279
T033,2026-10-03,20,227
T033,2026-10-03,21,0
T033,2026-10-03,22,0
T033,2026-10-03,23,0
T036,2026-09-27,0,0
T036,2026-09-27,1,0
T036,2026-09-27,2,0
T036,2026-09-27,3,0
T036,2026-09-27,4,0
T036,2026-09-27,5,0
T036,2026-09-27,6,0
T036,2026-09-27,7,4
T036,2026-09-27,8,13
T036,2026-09-27,9,52
T036,2026-09-27,10,90
T036,2026-09-27,11,137
T036,2026-09-27,12,235
T036,2026-09-27,13,311
T036,2026-09-27,14,438
T036,2026-09-27,15,385
T036,2026-09-27,16,402
T036,2026-09-27,17,364
T036,2026-09-27,18,337
T036,2026-09-27,19,364
T036,2026-09-27,20,239
T036,2026-09-27,21,190
T036,2026-09-27,22,133
T036,2026-09-27,23,0
T036,2026-09-28,0,0
T036,2026-09-28,1,0
T036,2026-09-28,2,0
T036,2026-09-28,3,0
T036,2026-09-28,4,0
T036,2026-09-28,5,0
T036,2026-09-28,6,0
T036,2026-09-28,7,1
T036,2026-09-28,8,10
T036,2026-09-28,9,28
T036,2026-09-28,10,52
T036,2026-09-28,11,101
T036,2026-09-28,12,146
T036,2026-09-28,13,182
T036,2026-09-28,14,301
T036,2026-09-28,15,286
T036,2026-09-28,16,242
T036,2026-09-28,17,258
T036,2026-09-28,18,241
T036,2026-09-28,19,199
T036,2026-09-28,20,179
T036,2026-09-28,21,130
T036,2026-09-28,22,88
T036,2026-09-28,23,0
T036,2026-09-29,0,0
T036,2026-09-29,1,0
T036,2026-09-29,2,0
T036,2026-09-29,3,0
T036,2026-09-29,4,0
T036,2026-09-29,5,0
T036,2026-09-29,6,0
T036,2026-09-29,7,4
T036,2026-09-29,8,10
T036,2026-09-29,9,29
T036,2026-09-29,10,56
T036,2026-09-29,11,94
T036,2026-09-29,12,162
T036,2026-09-29,13,217
T036,2026-09-29,14,225
T036,2026-09-29,15,190
T036,2026-09-29,16,279
T036,2026-09-29,17,221
T036,2026-09-29,18,245
T036,2026-09-29,19,168
T036,2026-09-29,20,192
T036,2026-09-29,21,151
T036,2026-09-29,22,90
T036,2026-09-29,23,0
T036,2026-09-30,0,0
T036,2026-09-30,1,0
T036,2026-09-30,2,0
T036,2026-09-30,3,0
T036,2026-09-30,4,0
T036,2026-09-30,5,0
T036,2026-09-30,6,0
T036,2026-09-30,7,4
T036,2026-09-30,8,15
T036,2026-09-30,9,35
T036,2026-09-30,10,98
T036,2026-09-30,11,141
T036,2026-09-30,12,232
T036,2026-09-30,13,235
T036,2026-09-30,14,286
T036,2026-09-30,15,392
T036,2026-09-30,16,297
T036,2026-09-30,17,328
T036,2026-09-30,18,316
T036,2026-09-30,19,228
T036,2026-09-30,20,189
T036,2026-09-30,21,181
T036,2026-09-30,22,150
T036,2026-09-30,23,0
T036,2026-10-01,0,0
T036,2026-10-01,1,0
T036,2026-10-01,2,0
T036,2026-10-01,3,0
T036,2026-10-01,4,0
T036,2026-10-01,5,0
T036,2026-10-01,6,0
T036,2026-10-01,7,3
T036,2026-10-01,8,11
T036,2026-10-01,9,29
T036,2026-10-01,10,62
T036,2026-10-01,11,98
T036,2026-10-01,12,146
T036,2026-10-01,13,231
T036,2026-10-01,14,228
T036,2026-10-01,15,241
T036,2026-10-01,16,249
T036,2026-10-01,17,248
T036,2026-10-01,18,200
T036,2026-10-01,19,245
T036,2026-10-01,20,182
T036,2026-10-01,21,137
T036,2026-10-01,22,85
T036,2026-10-01,23,0
T036,2026-10-02,0,0
T036,2026-10-02,1,0
T036,2026-10-02,2,0
T036,2026-10-02,3,0
T036,2026-10-02,4,0
T036,2026-10-02,5,0
T036,2026-10-02,6,0
T036,2026-10-02,7,1
T036,2026-10-02,8,13
T036,2026-10-02,9,28
T036,2026-10-02,10,66
T036,2026-10-02,11,101
T036,2026-10-02,12,160
T036,2026-10-02,13,154
T036,2026-10-02,14,256
T036,2026-10-02,15,259
T036,2026-10-02,16,228
T036,2026-10-02,17,245
T036,2026-10-02,18,238
T036,2026-10-02,19,232
T036,2026-10-02,20,185
T036,2026-10-02,21,139
T036,2026-10-02,22,92
T036,2026-10-02,23,0
T036,2026-10-03,0,0
T036,2026-10-03,1,0
T036,2026-10-03,2,0
T036,2026-10-03,3,0
T036,2026-10-03,4,0
T036,2026-10-03,5,0
T036,2026-10-03,6,0
T036,2026-10-03,7,6
T036,2026-10-03,8,14
T036,2026-10-03,9,42
T036,2026-10-03,10,67
T036,2026-10-03,11,160
T036,2026-10-03,12,218
T036,2026-10-03,13,308
T036,2026-10-03,14,330
T036,2026-10-03,15,368
T036,2026-10-03,16,377
T036,2026-10-03,17,281
T036,2026-10-03,18,350
T036,2026-10-03,19,290
T036,2026-10-03,20,209
T036,2026-10-03,21,225
T036,2026-10-03,22,146
T036,2026-10-03,23,0
T039,2026-09-27,0,0
T039,2026-09-27,1,0
T039,2026-09-27,2,0
T039,2026-09-27,3,0
T039,2026-09-27,4,0
T039,2026-09-27,5,0
T039,2026-09-27,6,1
T039,2026-09-27,7,7
T039,2026-09-27,8,25
T039,2026-09-27,9,56
T039,2026-09-27,10,136
T039,2026-09-27,11,207
T039,2026-09-27,12,322
T039,2026-09-27,13,444
T039,2026-09-27,14,497
T039,2026-09-27,15,542
T039,2026-09-27,16,486
T039,2026-09-27,17,431
T039,2026-09-27,18,573
T039,2026-09-27,19,480
T039,2026-09-27,20,379
T039,2026-09-27,21,0
T039,2026-09-27,22,0
T039,2026-09-27,23,0
T039,2026-09-28,0,0
T039,2026-09-28,1,0
T039,2026-09-28,2,0
T039,2026-09-28,3,0
T039,2026-09-28,4,0
T039,2026-09-28,5,0
T039,2026-09-28,6,0
T039,2026-09-28,7,3
T039,2026-09-28,8,17
T039,2026-09-28,9,46
T039,2026-09-28,10,74
T039,2026-09-28,11,162
T039,2026-09-28,12,189
T039,2026-09-28,13,265
T039,2026-09-28,14,360
T039,2026-09-28,15,342
T039,2026-09-28,16,279
T039,2026-09-28,17,326
T039,2026-09-28,18,287
T039,2026-09-28,19,342
T039,2026-09-28,20,249
T039,2026-09-28,21,0
T039,2026-09-28,22,0
T039,2026-09-28,23,0
T039,2026-09-29,0,0
T039,2026-09-29,1,0
T039,2026-09-29,2,0
T039,2026-09-29,3,0
T039,2026-09-29,4,0
T039,2026-09-29,5,0
T039,2026-09-29,6,1
T039,2026-09-29,7,4
T039,2026-09-29,8,18
T039,2026-09-29,9,39
T039,2026-09-29,10,90
T039,2026-09-29,11,144
T039,2026-09-29,12,199
T039,2026-09-29,13,308
T039,2026-09-29,14,343
T039,2026-09-29,15,368
T039,2026-09-29,16,333
T039,2026-09-29,17,288
T039,2026-09-29,18,342
T039,2026-09-29,19,297
T039,2026-09-29,20,234
T039,2026-09-29,21,0
T039,2026-09-29,22,0
T039,2026-09-29,23,0
T039,2026-09-30,0,0
T039,2026-09-30,1,0
T039,2026-09-30,2,0
T039,2026-09-30,3,0
T039,2026-09-30,4,0
T039,2026-09-30,5,0
T039,2026-09-30,6,1
T039,2026-09-30,7,7
T039,2026-09-30,8,22
T039,2026-09-30,9,62
T039,2026-09-30,10,137
T039,2026-09-30,11,185
T039,2026-09-30,12,294
T039,2026-09-30,13,500
T039,2026-09-30,14,386
T039,2026-09-30,15,434
T039,2026-09-30,16,559
T039,2026-09-30,17,430
T039,2026-09-30,18,518
T039,2026-09-30,19,361
T039,2026-09-30,20,351
T039,2026-09-30,21,0
T039,2026-09-30,22,0
T039,2026-09-30,23,0
T039,2026-10-01,0,0
T039,2026-10-01,1,0
T039,2026-10-01,2,0
T039,2026-10-01,3,0
T039,2026-10-01,4,0
T039,2026-10-01,5,0
T039,2026-10-01,6,0
T039,2026-10-01,7,6
T039,2026-10-01,8,14
T039,2026-10-01,9,48
T039,2026-10-01,10,70
T039,2026-10-01,11,151
T039,2026-10-01,12,204
T039,2026-10-01,13,273
T039,2026-10-01,14,290
T039,2026-10-01,15,384
T039,2026-10-01,16,370
T039,2026-10-01,17,339
T039,2026-10-01,18,280
T039,2026-10-01,19,347
T039,2026-10-01,20,267
T039,2026-10-01,21,0
T039,2026-10-01,22,0
T039,2026-10-01,23,0
T039,2026-10-02,0,0
T039,2026-10-02,1,0
T039,2026-10-02,2,0
T039,2026-10-02,3,0
T039,2026-10-02,4,0
T039,2026-10-02,5,0
T039,2026-10-02,6,0
T039,2026-10-02,7,4
T039,2026-10-02,8,18
T039,2026-10-02,9,43
T039,2026-10-02,10,81
T039,2026-10-02,11,158
T039,2026-10-02,12,199
T039,2026-10-02,13,293
T039,2026-10-02,14,319
T039,2026-10-02,15,357
T039,2026-10-02,16,330
T039,2026-10-02,17,344
T039,2026-10-02,18,316
T039,2026-10-02,19,242
T039,2026-10-02,20,263
T039,2026-10-02,21,0
T039,2026-10-02,22,0
T039,2026-10-02,23,0
T039,2026-10-03,0,0
T039,2026-10-03,1,0
T039,2026-10-03,2,0
T039,2026-10-03,3,0
T039,2026-10-03,4,0
T039,2026-10-03,5,0
T039,2026-10-03,6,0
T039,2026-10-03,7,8
T039,2026-10-03,8,22
T039,2026-10-03,9,62
T039,2026-10-03,10,125
T039,2026-10-03,11,217
T039,2026-10-03,12,340
T039,2026-10-03,13,522
T039,2026-10-03,14,519
T039,2026-10-03,15,552
T039,2026-10-03,16,589
T039,2026-10-03,17,477
T039,2026-10-03,18,554
T039,2026-10-03,19,519
T039,2026-10-03,20,437
T039,2026-10-03,21,0
T039,2026-10-03,22,0
T039,2026-10-03,23,0
T041,2026-09-27,0,0
T041,2026-09-27,1,0
T041,2026-09-27,2,0
T041,2026-09-27,3,0
T041,2026-09-27,4,0
T041,2026-09-27,5,0
T041,2026-09-27,6,0
T041,2026-09-27,7,0
T041,2026-09-27,8,14
T041,2026-09-27,9,48
T041,2026-09-27,10,91
T041,2026-09-27,11,148
T041,2026-09-27,12,237
T041,2026-09-27,13,321
T041,2026-09-27,14,318
T041,2026-09-27,15,384
T041,2026-09-27,16,421
T041,2026-09-27,17,328
T041,2026-09-27,18,357
T041,2026-09-27,19,274
T041,2026-09-27,20,339
T041,2026-09-27,21,0
T041,2026-09-27,22,0
T041,2026-09-27,23,0
T041,2026-09-28,0,0
T041,2026-09-28,1,0
T041,2026-09-28,2,0
T041,2026-09-28,3,0
T041,2026-09-28,4,0
T041,2026-09-28,5,0
T041,2026-09-28,6,0
T041,2026-09-28,7,0
T041,2026-09-28,8,13
T041,2026-09-28,9,22
T041,2026-09-28,10,63
T041,2026-09-28,11,104
T041,2026-09-28,12,136
T041,2026-09-28,13,196
T041,2026-09-28,14,235
T041,2026-09-28,15,227
T041,2026-09-28,16,302
T041,2026-09-28,17,269
T041,2026-09-28,18,252
T041,2026-09-28,19,176
T041,2026-09-28,20,161
T041,2026-09-28,21,0
T041,2026-09-28,22,0
T041,2026-09-28,23,0
T041,2026-09-29,0,0
T041,2026-09-29,1,0
T041,2026-09-29,2,0
T041,2026-09-29,3,0
T041,2026-09-29,4,0
T041,2026-09-29,5,0
T041,2026-09-29,6,0
T041,2026-09-29,7,0
T041,2026-09-29,8,8
T041,2026-09-29,9,29
T041,2026-09-29,10,52
T041,2026-09-29,11,111
T041,2026-09-29,12,171
T041,2026-09-29,13,204
T041,2026-09-29,14,244
T041,2026-09-29,15,234
T041,2026-09-29,16,269
T041,2026-09-29,17,214
T041,2026-09-29,18,270
T041,2026-09-29,19,237
T041,2026-09-29,20,186
T041,2026-09-29,21,0
T041,2026-09-29,22,0
T041,2026-09-29,23,0
T041,2026-09-30,0,0
T041,2026-09-30,1,0
T041,2026-09-30,2,0
T041,2026-09-30,3,0
T041,2026-09-30,4,0
T041,2026-09-30,5,0
T041,2026-09-30,6,0
T041,2026-09-30,7,0
T041,2026-09-30,8,13
T041,2026-09-30,9,35
T041,2026-09-30,10,83
T041,2026-09-30,11,154
T041,2026-09-30,12,197
T041,2026-09-30,13,284
T041,2026-09-30,14,287
T041,2026-09-30,15,361
T041,2026-09-30,16,337
T041,2026-09-30,17,386
T041,2026-09-30,18,315
T041,2026-09-30,19,291
T041,2026-09-30,20,242
T041,2026-09-30,21,0
T041,2026-09-30,22,0
T041,2026-09-30,23,0
T041,2026-10-01,0,0
T041,2026-10-01,1,0
T041,2026-10-01,2,0
T041,2026-10-01,3,0
T041,2026-10-01,4,0
T041,2026-10-01,5,0
T041,2026-10-01,6,0
T041,2026-10-01,7,0
T041,2026-10-01,8,8
T041,2026-10-01,9,25
T041,2026-10-01,10,56
T041,2026-10-01,11,101
T041,2026-10-01,12,168
T041,2026-10-01,13,206
T041,2026-10-01,14,251
T041,2026-10-01,15,220
T041,2026-10-01,16,244
T041,2026-10-01,17,217
T041,2026-10-01,18,224
T041,2026-10-01,19,203
T041,2026-10-01,20,181
T041,2026-10-01,21,0
T041,2026-10-01,22,0
T041,2026-10-01,23,0
T041,2026-10-02,0,0
T041,2026-10-02,1,0
T041,2026-10-02,2,0
T041,2026-10-02,3,0
T041,2026-10-02,4,0
T041,2026-10-02,5,0
T041,2026-10-02,6,0
T041,2026-10-02,7,0
T041,2026-10-02,8,10
T041,2026-10-02,9,29
T041,2026-10-02,10,77
T041,2026-10-02,11,102
T041,2026-10-02,12,140
T041,2026-10-02,13,182
T041,2026-10-02,14,258
T041,2026-10-02,15,213
T041,2026-10-02,16,211
T041,2026-10-02,17,204
T041,2026-10-02,18,227
T041,2026-10-02,19,249
T041,2026-10-02,20,155
T041,2026-10-02,21,0
T041,2026-10-02,22,0
T041,2026-10-02,23,0
T041,2026-10-03,0,0
T041,2026-10-03,1,0
T041,2026-10-03,2,0
T041,2026-10-03,3,0
T041,2026-10-03,4,0
T041,2026-10-03,5,0
T041,2026-10-03,6,0
T041,2026-10-03,7,0
T041,2026-10-03,8,15
T041,2026-10-03,9,36
T041,2026-10-03,10,73
T041,2026-10-03,11,209
T041,2026-10-03,12,214
T041,2026-10-03,13,269
T041,2026-10-03,14,361
T041,2026-10-03,15,322
T041,2026-10-03,16,417
T041,2026-10-03,17,427
T041,2026-10-03,18,321
T041,2026-10-03,19,301
T041,2026-10-03,20,199
T041,2026-10-03,21,0
T041,2026-10-03,22,0
T041,2026-10-03,23,0
T045,2026-09-27,0,0
T045,2026-09-27,1,0
T045,2026-09-27,2,0
T045,2026-09-27,3,0
T045,2026-09-27,4,0
T045,2026-09-27,5,0
T045,2026-09-27,6,0
T045,2026-09-27,7,0
T045,2026-09-27,8,15
T045,2026-09-27,9,39
T045,2026-09-27,10,95
T045,2026-09-27,11,161
T045,2026-09-27,12,211
T045,2026-09-27,13,325
T045,2026-09-27,14,358
T045,2026-09-27,15,374
T045,2026-09-27,16,329
T045,2026-09-27,17,319
T045,2026-09-27,18,423
T045,2026-09-27,19,325
T045,2026-09-27,20,301
T045,2026-09-27,21,214
T045,2026-09-27,22,0
T045,2026-09-27,23,0
T045,2026-09-28,0,0
T045,2026-09-28,1,0
T045,2026-09-28,2,0
T045,2026-09-28,3,0
T045,2026-09-28,4,0
T045,2026-09-28,5,0
T045,2026-09-28,6,0
T045,2026-09-28,7,0
T045,2026-09-28,8,11
T045,2026-09-28,9,32
T045,2026-09-28,10,60
T045,2026-09-28,11,85
T045,2026-09-28,12,144
T045,2026-09-28,13,220
T045,2026-09-28,14,214
T045,2026-09-28,15,279
T045,2026-09-28,16,241
T045,2026-09-28,17,211
T045,2026-09-28,18,297
T045,2026-09-28,19,206
T045,2026-09-28,20,164
T045,2026-09-28,21,120
T045,2026-09-28,22,0
T045,2026-09-28,23,0
T045,2026-09-29,0,0
T045,2026-09-29,1,0
T045,2026-09-29,2,0
T045,2026-09-29,3,0
T045,2026-09-29,4,0
T045,2026-09-29,5,0
T045,2026-09-29,6,0
T045,2026-09-29,7,0
T045,2026-09-29,8,11
T045,2026-09-29,9,29
T045,2026-09-29,10,45
T045,2026-09-29,11,91
T045,2026-09-29,12,174
T045,2026-09-29,13,192
T045,2026-09-29,14,238
T045,2026-09-29,15,287
T045,2026-09-29,16,272
T045,2026-09-29,17,214
T045,2026-09-29,18,241
T045,2026-09-29,19,167
T045,2026-09-29,20,196
T045,2026-09-29,21,139
T045,2026-09-29,22,0
T045,2026-09-29,23,0
T045,2026-09-30,0,0
T045,2026-09-30,1,0
T045,2026-09-30,2,0
T045,2026-09-30,3,0
T045,2026-09-30,4,0
T045,2026-09-30,5,0
T045,2026-09-30,6,0
T045,2026-09-30,7,0
T045,2026-09-30,8,14
T045,2026-09-30,9,32
T045,2026-09-30,10,69
T045,2026-09-30,11,150
T045,2026-09-30,12,196
T045,2026-09-30,13,267
T045,2026-09-30,14,287
T045,2026-09-30,15,333
T045,2026-09-30,16,372
T045,2026-09-30,17,407
T045,2026-09-30,18,280
T045,2026-09-30,19,253
T045,2026-09-30,20,230
T045,2026-09-30,21,188
T045,2026-09-30,22,0
T045,2026-09-30,23,0
T045,2026-10-01,0,0
T045,2026-10-01,1,0
T045,2026-10-01,2,0
T045,2026-10-01,3,0
T045,2026-10-01,4,0
T045,2026-10-01,5,0
T045,2026-10-01,6,0
T045,2026-10-01,7,0
T045,2026-10-01,8,11
T045,2026-10-01,9,34
T045,2026-10-01,10,52
T045,2026-10-01,11,104
T045,2026-10-01,12,165
T045,2026-10-01,13,221
T045,2026-10-01,14,241
T045,2026-10-01,15,230
T045,2026-10-01,16,246
T045,2026-10-01,17,252
T045,2026-10-01,18,211
T045,2026-10-01,19,168
T045,2026-10-01,20,181
T045,2026-10-01,21,150
T045,2026-10-01,22,0
T045,2026-10-01,23,0
T045,2026-10-02,0,0
T045,2026-10-02,1,0
T045,2026-10-02,2,0
T045,2026-10-02,3,0
T045,2026-10-02,4,0
T045,2026-10-02,5,0
T045,2026-10-02,6,0
T045,2026-10-02,7,0
T045,2026-10-02,8,13
T045,2026-10-02,9,28
T045,2026-10-02,10,62
T045,2026-10-02,11,80
T045,2026-10-02,12,162
T045,2026-10-02,13,160
T045,2026-10-02,14,263
T045,2026-10-02,15,258
T045,2026-10-02,16,224
T045,2026-10-02,17,176
T045,2026-10-02,18,216
T045,2026-10-02,19,230
T045,2026-10-02,20,197
T045,2026-10-02,21,155
T045,2026-10-02,22,0
T045,2026-10-02,23,0
T045,2026-10-03,0,0
T045,2026-10-03,1,0
T045,2026-10-03,2,0
T045,2026-10-03,3,0
T045,2026-10-03,4,0
T045,2026-10-03,5,0
T045,2026-10-03,6,0
T045,2026-10-03,7,0
T045,2026-10-03,8,17
T045,2026-10-03,9,36
T045,2026-10-03,10,90
T045,2026-10-03,11,150
T045,2026-10-03,12,246
T045,2026-10-03,13,343
T045,2026-10-03,14,379
T045,2026-10-03,15,417
T045,2026-10-03,16,358
T045,2026-10-03,17,346
T045,2026-10-03,18,277
T045,2026-10-03,19,298
T045,2026-10-03,20,238
T045,2026-10-03,21,214
T045,2026-10-03,22,0
T045,2026-10-03,23,0
